-- phpMyAdmin SQL Dump
-- version 4.0.9
-- http://www.phpmyadmin.net
--
-- Host: 127.0.0.1
-- Generation Time: Apr 03, 2018 at 03:23 PM
-- Server version: 5.6.14
-- PHP Version: 5.5.6

SET SQL_MODE = "NO_AUTO_VALUE_ON_ZERO";
SET time_zone = "+00:00";


/*!40101 SET @OLD_CHARACTER_SET_CLIENT=@@CHARACTER_SET_CLIENT */;
/*!40101 SET @OLD_CHARACTER_SET_RESULTS=@@CHARACTER_SET_RESULTS */;
/*!40101 SET @OLD_COLLATION_CONNECTION=@@COLLATION_CONNECTION */;
/*!40101 SET NAMES utf8 */;

--
-- Database: `kapal`
--

-- --------------------------------------------------------

--
-- Table structure for table `abk`
--

CREATE TABLE IF NOT EXISTS `abk` (
  `id_abk` int(11) NOT NULL AUTO_INCREMENT,
  `username` varchar(255) DEFAULT NULL,
  `nama` varchar(255) DEFAULT NULL,
  `id_kapal` int(11) DEFAULT NULL,
  `password` varchar(255) DEFAULT NULL,
  `tanda_tangan` varchar(255) DEFAULT NULL,
  `kode_jabatan` varchar(255) DEFAULT NULL,
  PRIMARY KEY (`id_abk`),
  KEY `FK_abk_kapal_id_kapal` (`id_kapal`),
  KEY `FK_abk` (`kode_jabatan`)
) ENGINE=InnoDB  DEFAULT CHARSET=latin1 AUTO_INCREMENT=5 ;

--
-- Dumping data for table `abk`
--

INSERT INTO `abk` (`id_abk`, `username`, `nama`, `id_kapal`, `password`, `tanda_tangan`, `kode_jabatan`) VALUES
(1, 'farid', 'Farid Angga', 1, '0b1e50e1fd71c96bac94144cc59cff40', '2000px-Tanda_tangan_Alain_Prost.svg_.png', 'NK'),
(2, 'vpb', 'Masrur Anwar', 1, '0b1e50e1fd71c96bac94144cc59cff40', '2178446_20150122034510.PNG', 'VPPB'),
(3, 'war', 'Masrur Anwar', 1, '0b1e50e1fd71c96bac94144cc59cff40', 'Mary_higgins_clark_signature.svg.png', 'KKM'),
(4, 'pusat', 'Admin Pusat', NULL, '0b1e50e1fd71c96bac94144cc59cff40', '36d06ab2c827c07ea6a837b0e4e7f64c.jpg', 'PST');

-- --------------------------------------------------------

--
-- Table structure for table `cek`
--

CREATE TABLE IF NOT EXISTS `cek` (
  `id` int(11) NOT NULL AUTO_INCREMENT,
  `cek` text NOT NULL,
  PRIMARY KEY (`id`)
) ENGINE=MyISAM  DEFAULT CHARSET=latin1 AUTO_INCREMENT=4 ;

--
-- Dumping data for table `cek`
--

INSERT INTO `cek` (`id`, `cek`) VALUES
(1, 'jn'),
(2, '42501'),
(3, '42501');

-- --------------------------------------------------------

--
-- Table structure for table `jabatan`
--

CREATE TABLE IF NOT EXISTS `jabatan` (
  `kode_jabatan` varchar(255) NOT NULL,
  `nama_jabatan` varchar(255) DEFAULT NULL,
  PRIMARY KEY (`kode_jabatan`)
) ENGINE=InnoDB DEFAULT CHARSET=latin1;

--
-- Dumping data for table `jabatan`
--

INSERT INTO `jabatan` (`kode_jabatan`, `nama_jabatan`) VALUES
('KKM', 'KKM'),
('NK', 'Nahkoda Kapal'),
('PST', 'Pusat'),
('VPPB', 'VP Pengelolahan Bahan Bakar');

-- --------------------------------------------------------

--
-- Table structure for table `kapal`
--

CREATE TABLE IF NOT EXISTS `kapal` (
  `id_kapal` int(11) NOT NULL AUTO_INCREMENT,
  `nama_kapal` varchar(255) DEFAULT NULL,
  `kode_ts` varchar(255) DEFAULT NULL,
  `api_key` varchar(225) NOT NULL,
  PRIMARY KEY (`id_kapal`)
) ENGINE=InnoDB  DEFAULT CHARSET=latin1 AUTO_INCREMENT=2 ;

--
-- Dumping data for table `kapal`
--

INSERT INTO `kapal` (`id_kapal`, `nama_kapal`, `kode_ts`, `api_key`) VALUES
(1, 'KM Sabuk Mutiara', '410348', '0XOGS1XN8K3IH5BW');

-- --------------------------------------------------------

--
-- Table structure for table `log_ruas`
--

CREATE TABLE IF NOT EXISTS `log_ruas` (
  `id_log` int(11) NOT NULL AUTO_INCREMENT,
  `id_pelabuhan` int(11) NOT NULL,
  `id_ruas` int(11) NOT NULL,
  `status` varchar(255) DEFAULT NULL,
  `waktu` datetime DEFAULT NULL,
  PRIMARY KEY (`id_log`),
  KEY `FK_log_ruas_pelabuhan_id_pelabuhan` (`id_pelabuhan`),
  KEY `FK_log_ruas_ruas_id_ruas` (`id_ruas`)
) ENGINE=InnoDB  DEFAULT CHARSET=latin1 AUTO_INCREMENT=13 ;

--
-- Dumping data for table `log_ruas`
--

INSERT INTO `log_ruas` (`id_log`, `id_pelabuhan`, `id_ruas`, `status`, `waktu`) VALUES
(1, 431, 1, 'Embarkasi', '2018-03-23 23:59:59'),
(2, 256, 1, 'Debarkasi', '2018-03-25 06:00:00'),
(3, 256, 2, 'Embarkasi', '2018-03-25 11:00:00'),
(4, 266, 2, 'Deberkasi', '2018-03-25 14:00:00'),
(5, 266, 3, 'Embarkasi', '2018-03-25 15:00:00'),
(6, 144, 3, 'Debarkasi', '2018-03-26 11:00:00'),
(7, 144, 4, 'Embarkasi', '2018-03-27 10:00:00'),
(8, 266, 4, 'Debarkasi', '2018-03-28 06:00:00'),
(9, 266, 5, 'Embarkasi', '2018-03-28 07:00:00'),
(10, 256, 5, 'Debarkasi', '2018-03-28 10:00:00'),
(11, 256, 6, 'Embarkasi', '2018-03-28 13:00:00'),
(12, 431, 6, 'Debarkasi', '2018-03-29 19:00:00');

-- --------------------------------------------------------

--
-- Table structure for table `monitor_kapal`
--

CREATE TABLE IF NOT EXISTS `monitor_kapal` (
  `id` int(11) NOT NULL AUTO_INCREMENT,
  `kode_kapal` int(11) NOT NULL,
  `input` timestamp NOT NULL DEFAULT CURRENT_TIMESTAMP ON UPDATE CURRENT_TIMESTAMP,
  `tinggi` double NOT NULL,
  PRIMARY KEY (`id`)
) ENGINE=MyISAM  DEFAULT CHARSET=latin1 AUTO_INCREMENT=640 ;

--
-- Dumping data for table `monitor_kapal`
--

INSERT INTO `monitor_kapal` (`id`, `kode_kapal`, `input`, `tinggi`) VALUES
(1, 410348, '2018-03-28 18:18:45', 100),
(2, 410348, '2018-03-28 18:24:52', 110),
(3, 410348, '2018-03-28 18:26:28', 110),
(4, 410348, '2018-03-28 18:26:33', 110),
(5, 410348, '2018-03-29 02:51:55', 110),
(6, 410348, '2018-03-29 02:52:08', 110),
(7, 410348, '2018-03-29 06:22:14', 111),
(8, 410348, '2018-03-29 08:36:15', 122),
(9, 410348, '2018-03-29 08:38:01', 122),
(10, 410348, '2018-03-29 08:40:37', 3500),
(11, 410348, '2018-03-29 08:40:58', 3500),
(12, 410348, '2018-03-29 08:41:18', 3500),
(13, 410348, '2018-03-29 08:41:38', 3250),
(14, 410348, '2018-03-29 08:41:59', 3500),
(15, 410348, '2018-03-29 08:46:27', 0),
(16, 410348, '2018-03-29 08:46:29', 3500),
(17, 410348, '2018-03-29 08:46:31', 3500),
(18, 410348, '2018-03-29 08:48:02', 0),
(19, 410348, '2018-03-29 08:48:05', 3250),
(20, 410348, '2018-03-29 08:48:23', 0),
(21, 410348, '2018-03-29 08:48:25', 3000),
(22, 410348, '2018-03-29 08:48:27', 3000),
(23, 410348, '2018-03-29 08:50:29', 0),
(24, 410348, '2018-03-29 08:50:31', 3000),
(25, 410348, '2018-03-29 08:50:34', 3000),
(26, 410348, '2018-03-29 08:51:33', 0),
(27, 410348, '2018-03-29 08:51:35', 3000),
(28, 410348, '2018-03-29 08:51:37', 3250),
(29, 410348, '2018-03-29 08:54:32', 0),
(30, 410348, '2018-03-29 08:54:34', 3000),
(31, 410348, '2018-03-29 08:54:37', 3000),
(32, 410348, '2018-03-29 08:56:28', 0),
(33, 410348, '2018-03-29 08:56:30', 2250),
(34, 410348, '2018-03-29 08:56:33', 3750),
(35, 410348, '2018-03-29 08:56:35', 4000),
(36, 410348, '2018-03-29 08:56:38', 2000),
(37, 410348, '2018-03-29 08:56:40', 4000),
(38, 410348, '2018-03-29 08:56:42', 4250),
(39, 410348, '2018-03-29 08:56:44', 4250),
(40, 410348, '2018-03-29 08:56:48', 4250),
(41, 410348, '2018-03-29 08:56:51', 3500),
(42, 410348, '2018-03-29 08:56:53', 1500),
(43, 410348, '2018-03-29 08:56:56', 4250),
(44, 410348, '2018-03-29 08:56:58', 1000),
(45, 410348, '2018-03-29 08:57:01', 3750),
(46, 410348, '2018-03-29 08:57:03', 4000),
(47, 410348, '2018-03-29 08:57:06', 3750),
(48, 410348, '2018-03-29 08:57:08', 4000),
(49, 410348, '2018-03-29 08:57:11', 4250),
(50, 410348, '2018-03-29 08:57:15', 4250),
(51, 410348, '2018-03-29 08:57:17', 4250),
(52, 410348, '2018-03-29 08:57:19', 4000),
(53, 410348, '2018-03-29 08:57:21', 4000),
(54, 410348, '2018-03-29 08:57:24', 4000),
(55, 410348, '2018-03-29 08:57:26', 4250),
(56, 410348, '2018-03-29 08:57:28', 4250),
(57, 410348, '2018-03-29 08:57:31', 4000),
(58, 410348, '2018-03-29 08:57:33', 4000),
(59, 410348, '2018-03-29 08:57:35', 4000),
(60, 410348, '2018-03-29 08:57:37', 1500),
(61, 410348, '2018-03-29 08:57:40', 3250),
(62, 410348, '2018-03-29 08:57:42', 3500),
(63, 410348, '2018-03-29 08:57:44', 3250),
(64, 410348, '2018-03-29 08:57:47', 3500),
(65, 410348, '2018-03-29 08:57:49', 3750),
(66, 410348, '2018-03-29 08:57:51', 3500),
(67, 410348, '2018-03-29 08:57:54', 3500),
(68, 410348, '2018-03-29 08:57:56', 3500),
(69, 410348, '2018-03-29 08:57:58', 3000),
(70, 410348, '2018-03-29 08:58:00', 3250),
(71, 410348, '2018-03-29 08:58:03', 3250),
(72, 410348, '2018-03-29 08:58:05', 3250),
(73, 410348, '2018-03-29 08:58:07', 3250),
(74, 410348, '2018-03-29 08:58:10', 3250),
(75, 410348, '2018-03-29 08:58:12', 3250),
(76, 410348, '2018-03-29 08:58:14', 3250),
(77, 410348, '2018-03-29 08:58:17', 3250),
(78, 410348, '2018-03-29 08:58:19', 3000),
(79, 410348, '2018-03-29 08:58:21', 3250),
(80, 410348, '2018-03-29 08:58:23', 3250),
(81, 410348, '2018-03-29 08:58:26', 3250),
(82, 410348, '2018-03-29 08:58:28', 3250),
(83, 410348, '2018-03-29 08:58:30', 3000),
(84, 410348, '2018-03-29 08:58:33', 3000),
(85, 410348, '2018-03-29 08:58:35', 3000),
(86, 410348, '2018-03-29 08:58:37', 3000),
(87, 410348, '2018-03-29 08:58:40', 3000),
(88, 410348, '2018-03-29 08:58:42', 3000),
(89, 410348, '2018-03-29 08:58:44', 3500),
(90, 410348, '2018-03-29 08:58:46', 3750),
(91, 410348, '2018-03-29 08:58:49', 3750),
(92, 410348, '2018-03-29 08:58:51', 3750),
(93, 410348, '2018-03-29 08:58:53', 3750),
(94, 410348, '2018-03-29 08:58:56', 3750),
(95, 410348, '2018-03-29 08:58:58', 4000),
(96, 410348, '2018-03-29 08:59:00', 4000),
(97, 410348, '2018-03-29 08:59:04', 4000),
(98, 410348, '2018-03-29 08:59:06', 4250),
(99, 410348, '2018-03-29 08:59:08', 4250),
(100, 410348, '2018-03-29 08:59:44', 0),
(101, 410348, '2018-03-29 08:59:46', 4250),
(102, 410348, '2018-03-29 08:59:48', 4250),
(103, 410348, '2018-03-29 09:11:33', 0),
(104, 410348, '2018-03-29 09:11:35', -13250),
(105, 410348, '2018-03-29 09:11:37', -13000),
(106, 410348, '2018-03-29 09:11:40', -13500),
(107, 410348, '2018-03-29 09:11:42', -13250),
(108, 410348, '2018-03-29 09:11:44', -13250),
(109, 410348, '2018-03-29 09:11:46', -13500),
(110, 410348, '2018-03-29 09:11:49', -13250),
(111, 410348, '2018-03-29 09:11:51', -13250),
(112, 410348, '2018-03-29 09:11:53', -13000),
(113, 410348, '2018-03-29 09:11:56', -13500),
(114, 410348, '2018-03-29 09:11:58', -13500),
(115, 410348, '2018-03-29 09:12:00', -13250),
(116, 410348, '2018-03-29 09:12:02', -13000),
(117, 410348, '2018-03-29 09:12:05', -13250),
(118, 410348, '2018-03-29 09:12:07', -13250),
(119, 410348, '2018-03-29 09:12:09', -13500),
(120, 410348, '2018-03-29 09:12:12', -12750),
(121, 410348, '2018-03-29 09:12:14', -13250),
(122, 410348, '2018-03-29 09:18:13', 0),
(123, 410348, '2018-03-29 09:18:16', -13000),
(124, 410348, '2018-03-29 09:18:18', -13000),
(125, 410348, '2018-03-29 09:19:08', 0),
(126, 410348, '2018-03-29 09:19:11', -12250),
(127, 410348, '2018-03-29 09:19:13', -11250),
(128, 410348, '2018-03-29 09:23:16', 0),
(129, 410348, '2018-03-29 09:23:18', -12250),
(130, 410348, '2018-03-29 09:23:21', -13000),
(131, 410348, '2018-03-29 09:27:06', 0),
(132, 410348, '2018-03-29 09:27:08', -12750),
(133, 410348, '2018-03-29 09:27:11', -12750),
(134, 410348, '2018-03-29 09:28:46', 0),
(135, 410348, '2018-03-29 09:28:48', -9750),
(136, 410348, '2018-03-29 09:28:51', -12000),
(137, 410348, '2018-03-29 09:30:11', 0),
(138, 410348, '2018-03-29 09:30:13', -12000),
(139, 410348, '2018-03-29 09:30:15', -12000),
(140, 410348, '2018-03-29 09:31:30', 0),
(141, 410348, '2018-03-29 09:31:33', 3500),
(142, 410348, '2018-03-29 09:31:35', 3500),
(143, 410348, '2018-03-29 09:32:56', 0),
(144, 410348, '2018-03-29 09:32:58', -13000),
(145, 410348, '2018-03-29 09:33:00', -13000),
(146, 410348, '2018-03-29 09:37:46', -12500),
(147, 410348, '2018-03-29 09:37:48', -2750),
(148, 410348, '2018-03-29 09:46:35', -12250),
(149, 410348, '2018-03-29 09:46:41', -12750),
(150, 410348, '2018-03-29 09:46:48', -12500),
(151, 410348, '2018-03-29 09:46:54', -12500),
(152, 410348, '2018-03-29 09:47:00', -12500),
(153, 410348, '2018-03-29 09:47:07', -12500),
(154, 410348, '2018-03-29 09:47:13', -7000),
(155, 410348, '2018-03-29 09:47:19', -7250),
(156, 410348, '2018-03-29 09:47:25', -6000),
(157, 410348, '2018-03-29 09:47:32', -5750),
(158, 410348, '2018-03-29 09:47:38', -5750),
(159, 410348, '2018-03-29 09:47:44', -5750),
(160, 410348, '2018-03-29 09:47:50', -5750),
(161, 410348, '2018-03-29 09:47:57', -13750),
(162, 410348, '2018-03-29 09:48:29', 2500),
(163, 410348, '2018-03-29 09:48:35', 4250),
(164, 410348, '2018-03-29 09:48:42', 4250),
(165, 410348, '2018-03-29 10:05:20', 4250),
(166, 410348, '2018-03-29 10:05:26', 4250),
(167, 410348, '2018-03-29 10:05:32', 4250),
(168, 410348, '2018-03-29 10:10:41', -86000),
(169, 410348, '2018-03-29 10:10:48', -18000),
(170, 410348, '2018-03-29 10:10:54', -17000),
(171, 410348, '2018-03-29 10:11:00', -33000),
(172, 410348, '2018-03-29 10:11:06', -21250),
(173, 410348, '2018-03-29 10:11:13', -21750),
(174, 410348, '2018-03-29 10:11:19', -1000),
(175, 410348, '2018-03-29 10:11:25', -250),
(176, 410348, '2018-03-29 10:11:32', -17000),
(177, 410348, '2018-03-29 10:11:38', -250),
(178, 410348, '2018-03-29 10:11:44', -750),
(179, 410348, '2018-03-29 10:11:50', -750),
(180, 410348, '2018-03-29 10:11:57', -750),
(181, 410348, '2018-03-29 10:12:03', -250),
(182, 410348, '2018-03-29 10:12:09', -500),
(183, 410348, '2018-03-29 10:12:15', -500),
(184, 410348, '2018-03-29 10:12:22', -500),
(185, 410348, '2018-03-29 10:12:28', -500),
(186, 410348, '2018-03-29 10:12:34', -500),
(187, 410348, '2018-03-29 10:12:40', -750),
(188, 410348, '2018-03-29 10:12:47', -250),
(189, 410348, '2018-03-29 10:12:53', -500),
(190, 410348, '2018-03-29 10:12:59', -750),
(191, 410348, '2018-03-29 10:13:05', -500),
(192, 410348, '2018-03-29 10:13:12', 250),
(193, 410348, '2018-03-29 10:13:18', 250),
(194, 410348, '2018-03-29 10:13:24', -750),
(195, 410348, '2018-03-29 10:13:30', 0),
(196, 410348, '2018-03-29 10:13:37', -250),
(197, 410348, '2018-03-29 10:13:43', 750),
(198, 410348, '2018-03-29 10:13:49', -17250),
(199, 410348, '2018-03-29 10:13:56', -500),
(200, 410348, '2018-03-29 10:14:02', -19750),
(201, 410348, '2018-03-29 10:14:08', 1500),
(202, 410348, '2018-03-29 10:14:15', -1000),
(203, 410348, '2018-03-29 10:14:21', -750),
(204, 410348, '2018-03-29 10:14:27', -250),
(205, 410348, '2018-03-29 10:14:33', 750),
(206, 410348, '2018-03-29 10:14:40', -21750),
(207, 410348, '2018-03-29 10:14:46', 2000),
(208, 410348, '2018-03-29 10:14:52', -21750),
(209, 410348, '2018-03-29 10:14:59', 250),
(210, 410348, '2018-03-29 10:15:05', 0),
(211, 410348, '2018-03-29 10:15:12', -30750),
(212, 410348, '2018-03-29 10:15:18', -29500),
(213, 410348, '2018-03-29 10:15:24', 2750),
(214, 410348, '2018-03-29 10:15:30', 750),
(215, 410348, '2018-03-29 10:15:37', -31500),
(216, 410348, '2018-03-29 10:15:43', 2000),
(217, 410348, '2018-03-29 10:15:49', 500),
(218, 410348, '2018-03-29 10:15:56', -26750),
(219, 410348, '2018-03-29 10:16:02', -14500),
(220, 410348, '2018-03-29 10:16:09', -21000),
(221, 410348, '2018-03-29 10:16:15', -14250),
(222, 410348, '2018-03-29 10:16:21', -28250),
(223, 410348, '2018-03-29 10:16:28', -14000),
(224, 410348, '2018-03-29 10:16:34', -500),
(225, 410348, '2018-03-29 10:16:40', -500),
(226, 410348, '2018-03-29 10:16:46', -250),
(227, 410348, '2018-03-29 10:16:53', -500),
(228, 410348, '2018-03-29 10:16:59', -500),
(229, 410348, '2018-03-29 10:17:05', -250),
(230, 410348, '2018-03-29 10:17:11', -250),
(231, 410348, '2018-03-29 10:17:18', -250),
(232, 410348, '2018-03-29 10:17:24', -250),
(233, 410348, '2018-03-29 10:17:30', -250),
(234, 410348, '2018-03-29 10:17:36', -250),
(235, 410348, '2018-03-29 10:17:43', -250),
(236, 410348, '2018-03-29 10:17:49', -250),
(237, 410348, '2018-03-29 10:17:55', -250),
(238, 410348, '2018-03-29 10:18:01', -250),
(239, 410348, '2018-03-29 10:18:08', -250),
(240, 410348, '2018-03-29 10:18:14', -500),
(241, 410348, '2018-03-29 10:18:20', -500),
(242, 410348, '2018-03-29 10:18:26', -500),
(243, 410348, '2018-03-29 10:18:33', -500),
(244, 410348, '2018-03-29 10:18:39', -250),
(245, 410348, '2018-03-29 10:18:45', -250),
(246, 410348, '2018-03-29 10:18:51', -250),
(247, 410348, '2018-03-29 10:18:58', -250),
(248, 410348, '2018-03-29 10:19:04', -250),
(249, 410348, '2018-03-29 10:19:10', -250),
(250, 410348, '2018-03-29 10:19:16', -500),
(251, 410348, '2018-03-29 10:19:23', -250),
(252, 410348, '2018-03-29 10:19:29', -250),
(253, 410348, '2018-03-29 10:19:35', -500),
(254, 410348, '2018-03-29 10:19:41', 2500),
(255, 410348, '2018-03-29 10:19:48', -17250),
(256, 410348, '2018-03-29 10:19:54', -26750),
(257, 410348, '2018-03-29 10:20:00', 3000),
(258, 410348, '2018-03-29 10:20:07', -33500),
(259, 410348, '2018-03-29 10:20:13', 3250),
(260, 410348, '2018-03-29 10:20:19', 2250),
(261, 410348, '2018-03-29 10:20:25', 2500),
(262, 410348, '2018-03-29 10:20:32', 2750),
(263, 410348, '2018-03-29 10:20:38', 2750),
(264, 410348, '2018-03-29 10:20:44', 2750),
(265, 410348, '2018-03-29 10:20:50', 4000),
(266, 410348, '2018-03-29 10:20:57', 3750),
(267, 410348, '2018-03-29 10:21:03', 3750),
(268, 410348, '2018-03-29 10:21:09', 3750),
(269, 410348, '2018-03-29 10:21:15', 3750),
(270, 410348, '2018-03-29 10:21:22', 3750),
(271, 410348, '2018-03-29 10:21:28', 3750),
(272, 410348, '2018-03-29 10:21:34', -18500),
(273, 410348, '2018-03-29 10:21:41', -25250),
(274, 410348, '2018-03-29 10:21:47', -21000),
(275, 410348, '2018-03-29 10:21:54', -27000),
(276, 410348, '2018-03-29 10:22:00', -33000),
(277, 410348, '2018-03-29 10:22:07', -22000),
(278, 410348, '2018-03-29 10:22:13', -25000),
(279, 410348, '2018-03-29 10:22:20', -27000),
(280, 410348, '2018-03-29 10:22:26', -23750),
(281, 410348, '2018-03-29 10:22:32', -24500),
(282, 410348, '2018-03-29 10:22:39', -24750),
(283, 410348, '2018-03-29 10:22:45', -24500),
(284, 410348, '2018-03-29 10:22:52', -23000),
(285, 410348, '2018-03-29 10:22:58', -28250),
(286, 410348, '2018-03-29 10:23:05', -24250),
(287, 410348, '2018-03-29 10:23:11', -23250),
(288, 410348, '2018-03-29 10:23:18', -30500),
(289, 410348, '2018-03-29 10:23:24', 3750),
(290, 410348, '2018-03-29 10:23:30', 4000),
(291, 410348, '2018-03-29 10:24:33', 3250),
(292, 410348, '2018-03-29 10:24:39', 3000),
(293, 410348, '2018-03-29 10:24:45', 3000),
(294, 410348, '2018-03-29 10:29:18', 0),
(295, 410348, '2018-03-29 10:29:24', 2750),
(296, 410348, '2018-03-29 10:29:30', 2500),
(297, 410348, '2018-03-29 10:31:14', 5000),
(298, 410348, '2018-03-29 10:31:19', 2750),
(299, 410348, '2018-03-29 10:31:25', 2750),
(300, 410348, '2018-03-29 10:33:21', 2750),
(301, 410348, '2018-03-29 10:34:07', 3000),
(302, 410348, '2018-03-29 10:35:52', 3250),
(303, 410348, '2018-03-29 10:37:54', 2500),
(304, 410348, '2018-03-29 10:42:16', 2250),
(305, 410348, '2018-03-30 08:50:48', 3250),
(306, 410348, '2018-03-30 09:14:33', -2500),
(307, 410348, '2018-03-31 02:26:47', -2750),
(308, 410348, '2018-03-31 07:10:22', -2500),
(309, 410348, '2018-03-31 07:11:49', -2750),
(310, 410348, '2018-03-31 07:13:56', -2750),
(311, 410348, '2018-03-31 07:16:31', -500),
(312, 410348, '2018-03-31 07:18:21', -500),
(313, 410348, '2018-03-31 07:20:48', -500),
(314, 410348, '2018-03-31 07:23:03', 2250),
(315, 410348, '2018-03-31 07:25:05', 4250),
(316, 410348, '2018-03-31 07:27:22', 4500),
(317, 410348, '2018-03-31 07:34:44', 4250),
(318, 410348, '2018-03-31 07:38:05', 4500),
(319, 410348, '2018-03-31 07:55:07', 4250),
(320, 410348, '2018-03-31 07:58:01', 4250),
(321, 410348, '2018-03-31 08:08:28', 4250),
(322, 410348, '2018-04-01 20:55:54', -750),
(323, 410348, '2018-04-01 20:56:04', -1000),
(324, 410348, '2018-04-01 20:56:14', -750),
(325, 410348, '2018-04-01 20:56:24', -750),
(326, 410348, '2018-04-01 20:56:34', -1000),
(327, 410348, '2018-04-01 20:56:44', -1000),
(328, 410348, '2018-04-01 20:56:54', -1000),
(329, 410348, '2018-04-01 20:57:04', -750),
(330, 410348, '2018-04-01 20:57:14', -750),
(331, 410348, '2018-04-01 20:57:24', -1000),
(332, 410348, '2018-04-01 20:57:34', 5000),
(333, 410348, '2018-04-01 20:57:44', -1000),
(334, 410348, '2018-04-01 20:57:54', -1000),
(335, 410348, '2018-04-01 20:58:04', -1000),
(336, 410348, '2018-04-01 20:58:14', -750),
(337, 410348, '2018-04-01 20:58:24', -1000),
(338, 410348, '2018-04-02 03:47:15', -1750),
(339, 410348, '2018-04-02 03:47:26', -1750),
(340, 410348, '2018-04-02 03:47:36', -1750),
(341, 410348, '2018-04-02 03:47:46', -1750),
(342, 410348, '2018-04-02 03:47:56', -1750),
(343, 410348, '2018-04-02 03:48:06', -1750),
(344, 410348, '2018-04-02 03:48:17', -1750),
(345, 410348, '2018-04-02 03:48:30', -1750),
(346, 410348, '2018-04-02 03:48:40', -1750),
(347, 410348, '2018-04-02 03:48:50', -1750),
(348, 410348, '2018-04-02 03:49:03', -1750),
(349, 410348, '2018-04-02 03:49:13', -1750),
(350, 410348, '2018-04-02 03:49:23', 3250),
(351, 410348, '2018-04-02 03:49:33', 3000),
(352, 410348, '2018-04-02 03:49:45', 3250),
(353, 410348, '2018-04-02 03:50:00', 3250),
(354, 410348, '2018-04-02 03:50:10', -2000),
(355, 410348, '2018-04-02 03:50:21', -1750),
(356, 410348, '2018-04-02 03:50:31', 250),
(357, 410348, '2018-04-02 03:50:41', 250),
(358, 410348, '2018-04-02 03:50:51', 250),
(359, 410348, '2018-04-02 03:51:01', 250),
(360, 410348, '2018-04-02 03:51:11', 250),
(361, 410348, '2018-04-02 03:51:21', 0),
(362, 410348, '2018-04-02 03:51:31', 0),
(363, 410348, '2018-04-02 03:51:41', 250),
(364, 410348, '2018-04-02 03:51:54', 250),
(365, 410348, '2018-04-02 03:52:04', 250),
(366, 410348, '2018-04-02 03:52:14', 0),
(367, 410348, '2018-04-02 03:52:26', 0),
(368, 410348, '2018-04-02 03:52:36', 250),
(369, 410348, '2018-04-02 03:52:46', 0),
(370, 410348, '2018-04-02 03:52:56', 250),
(371, 410348, '2018-04-02 03:53:06', 250),
(372, 410348, '2018-04-02 03:53:16', 250),
(373, 410348, '2018-04-02 03:53:26', 250),
(374, 410348, '2018-04-02 03:53:36', 250),
(375, 410348, '2018-04-02 03:53:46', 250),
(376, 410348, '2018-04-02 03:53:56', 250),
(377, 410348, '2018-04-02 03:54:06', 0),
(378, 410348, '2018-04-02 03:54:16', 0),
(379, 410348, '2018-04-02 03:54:26', 0),
(380, 410348, '2018-04-02 03:54:36', 250),
(381, 410348, '2018-04-02 03:54:50', 250),
(382, 410348, '2018-04-02 03:54:56', 250),
(383, 410348, '2018-04-02 03:55:06', 250),
(384, 410348, '2018-04-02 03:55:16', 0),
(385, 410348, '2018-04-02 03:55:26', 250),
(386, 410348, '2018-04-02 03:55:36', 0),
(387, 410348, '2018-04-02 03:55:46', 250),
(388, 410348, '2018-04-02 03:55:56', 250),
(389, 410348, '2018-04-02 03:56:09', 250),
(390, 410348, '2018-04-02 03:56:19', 250),
(391, 410348, '2018-04-02 03:56:29', 0),
(392, 410348, '2018-04-02 03:56:39', 250),
(393, 410348, '2018-04-02 03:56:49', 250),
(394, 410348, '2018-04-02 03:56:59', 0),
(395, 410348, '2018-04-02 03:57:09', 250),
(396, 410348, '2018-04-02 03:57:19', 250),
(397, 410348, '2018-04-02 03:57:29', 250),
(398, 410348, '2018-04-02 03:57:39', 250),
(399, 410348, '2018-04-02 03:57:49', 250),
(400, 410348, '2018-04-02 03:57:59', 250),
(401, 410348, '2018-04-02 03:58:09', 250),
(402, 410348, '2018-04-02 03:58:19', 250),
(403, 410348, '2018-04-02 03:58:29', 250),
(404, 410348, '2018-04-02 03:58:39', 250),
(405, 410348, '2018-04-02 03:58:49', 250),
(406, 410348, '2018-04-02 03:58:59', 250),
(407, 410348, '2018-04-02 03:59:09', 250),
(408, 410348, '2018-04-02 03:59:19', 250),
(409, 410348, '2018-04-02 03:59:29', 250),
(410, 410348, '2018-04-02 03:59:39', 250),
(411, 410348, '2018-04-02 03:59:49', 250),
(412, 410348, '2018-04-02 03:59:59', 250),
(413, 410348, '2018-04-02 04:00:09', 250),
(414, 410348, '2018-04-02 04:00:19', 250),
(415, 410348, '2018-04-02 04:00:29', 250),
(416, 410348, '2018-04-02 04:00:39', 250),
(417, 410348, '2018-04-02 04:00:49', 250),
(418, 410348, '2018-04-02 04:00:59', 250),
(419, 410348, '2018-04-02 04:01:09', 250),
(420, 410348, '2018-04-02 04:01:19', 250),
(421, 410348, '2018-04-02 04:01:29', 250),
(422, 410348, '2018-04-02 04:01:39', 250),
(423, 410348, '2018-04-02 04:01:49', 250),
(424, 410348, '2018-04-02 04:01:59', 250),
(425, 410348, '2018-04-02 04:02:09', 250),
(426, 410348, '2018-04-02 04:02:19', 250),
(427, 410348, '2018-04-02 04:02:29', 250),
(428, 410348, '2018-04-02 04:02:39', 250),
(429, 410348, '2018-04-02 04:02:49', 250),
(430, 410348, '2018-04-02 04:03:00', 250),
(431, 410348, '2018-04-02 04:03:09', 250),
(432, 410348, '2018-04-02 04:03:19', 250),
(433, 410348, '2018-04-02 04:03:29', 250),
(434, 410348, '2018-04-02 04:03:39', 250),
(435, 410348, '2018-04-02 04:03:49', 250),
(436, 410348, '2018-04-02 04:04:00', 250),
(437, 410348, '2018-04-02 04:04:09', 250),
(438, 410348, '2018-04-02 04:04:19', 250),
(439, 410348, '2018-04-02 04:04:30', 250),
(440, 410348, '2018-04-02 04:04:40', 0),
(441, 410348, '2018-04-02 04:04:50', 250),
(442, 410348, '2018-04-02 04:05:00', 250),
(443, 410348, '2018-04-02 04:05:10', 250),
(444, 410348, '2018-04-02 04:05:21', 250),
(445, 410348, '2018-04-02 04:05:31', 250),
(446, 410348, '2018-04-02 04:05:41', 250),
(447, 410348, '2018-04-02 04:05:51', 250),
(448, 410348, '2018-04-02 04:06:01', 0),
(449, 410348, '2018-04-02 04:06:11', 250),
(450, 410348, '2018-04-02 04:06:21', 250),
(451, 410348, '2018-04-02 04:06:32', 250),
(452, 410348, '2018-04-02 04:06:42', 250),
(453, 410348, '2018-04-02 04:06:52', 250),
(454, 410348, '2018-04-02 04:07:04', 250),
(455, 410348, '2018-04-02 04:07:14', 250),
(456, 410348, '2018-04-02 04:07:24', 250),
(457, 410348, '2018-04-02 04:07:34', 250),
(458, 410348, '2018-04-02 04:07:51', 250),
(459, 410348, '2018-04-02 04:07:54', 250),
(460, 410348, '2018-04-02 04:08:07', 250),
(461, 410348, '2018-04-02 04:08:15', 250),
(462, 410348, '2018-04-02 04:08:24', 250),
(463, 410348, '2018-04-02 04:08:35', 250),
(464, 410348, '2018-04-02 04:08:45', 250),
(465, 410348, '2018-04-02 04:08:55', 250),
(466, 410348, '2018-04-02 04:09:05', 250),
(467, 410348, '2018-04-02 04:09:15', 0),
(468, 410348, '2018-04-02 04:09:25', 0),
(469, 410348, '2018-04-02 04:09:35', 250),
(470, 410348, '2018-04-02 04:09:45', 250),
(471, 410348, '2018-04-02 04:09:55', 250),
(472, 410348, '2018-04-02 04:10:05', 250),
(473, 410348, '2018-04-02 04:10:15', 250),
(474, 410348, '2018-04-02 04:10:25', 250),
(475, 410348, '2018-04-02 04:10:35', 250),
(476, 410348, '2018-04-02 04:10:45', 250),
(477, 410348, '2018-04-02 04:10:57', 250),
(478, 410348, '2018-04-02 04:11:07', 0),
(479, 410348, '2018-04-02 04:11:17', 0),
(480, 410348, '2018-04-02 04:11:27', 250),
(481, 410348, '2018-04-02 04:11:37', 250),
(482, 410348, '2018-04-02 04:11:47', 0),
(483, 410348, '2018-04-02 04:11:57', 250),
(484, 410348, '2018-04-02 04:12:07', 250),
(485, 410348, '2018-04-02 04:12:17', 250),
(486, 410348, '2018-04-02 04:12:27', 250),
(487, 410348, '2018-04-02 04:12:37', 0),
(488, 410348, '2018-04-02 04:12:47', 250),
(489, 410348, '2018-04-02 04:12:59', 250),
(490, 410348, '2018-04-02 04:13:10', 250),
(491, 410348, '2018-04-02 04:13:21', 250),
(492, 410348, '2018-04-02 04:13:31', 250),
(493, 410348, '2018-04-02 04:13:45', 250),
(494, 410348, '2018-04-02 04:13:51', 250),
(495, 410348, '2018-04-02 04:14:01', 250),
(496, 410348, '2018-04-02 04:14:13', 250),
(497, 410348, '2018-04-02 04:14:27', 250),
(498, 410348, '2018-04-02 04:14:37', 250),
(499, 410348, '2018-04-02 04:14:47', 250),
(500, 410348, '2018-04-02 04:14:57', 250),
(501, 410348, '2018-04-02 04:15:07', 0),
(502, 410348, '2018-04-02 04:15:17', 250),
(503, 410348, '2018-04-02 04:15:27', 250),
(504, 410348, '2018-04-02 04:15:38', 0),
(505, 410348, '2018-04-02 04:15:48', 250),
(506, 410348, '2018-04-03 11:33:26', 0),
(507, 410348, '2018-04-03 11:33:35', 0),
(508, 410348, '2018-04-03 11:33:45', 0),
(509, 410348, '2018-04-03 11:33:56', 0),
(510, 410348, '2018-04-03 11:34:06', 0),
(511, 410348, '2018-04-03 11:34:16', 0),
(512, 410348, '2018-04-03 11:34:26', 0),
(513, 410348, '2018-04-03 11:34:36', 0),
(514, 410348, '2018-04-03 11:34:46', 0),
(515, 410348, '2018-04-03 11:34:56', 0),
(516, 410348, '2018-04-03 11:35:06', 0),
(517, 410348, '2018-04-03 11:35:16', 0),
(518, 410348, '2018-04-03 11:35:26', 0),
(519, 410348, '2018-04-03 11:35:36', 0),
(520, 410348, '2018-04-03 11:35:46', 0),
(521, 410348, '2018-04-03 11:35:56', 0),
(522, 410348, '2018-04-03 11:36:06', 0),
(523, 410348, '2018-04-03 11:36:16', 0),
(524, 410348, '2018-04-03 11:36:26', 0),
(525, 410348, '2018-04-03 11:36:36', 0),
(526, 410348, '2018-04-03 11:36:46', 0),
(527, 410348, '2018-04-03 11:36:56', 0),
(528, 410348, '2018-04-03 11:37:06', 0),
(529, 410348, '2018-04-03 11:37:16', 0),
(530, 410348, '2018-04-03 11:37:26', 0),
(531, 410348, '2018-04-03 11:37:36', 0),
(532, 410348, '2018-04-03 11:37:46', 0),
(533, 410348, '2018-04-03 11:37:56', 0),
(534, 410348, '2018-04-03 11:38:06', 0),
(535, 410348, '2018-04-03 11:38:16', 250),
(536, 410348, '2018-04-03 11:38:26', 0),
(537, 410348, '2018-04-03 11:38:36', 0),
(538, 410348, '2018-04-03 11:38:46', 0),
(539, 410348, '2018-04-03 11:38:56', 0),
(540, 410348, '2018-04-03 11:39:06', 0),
(541, 410348, '2018-04-03 11:39:16', 0),
(542, 410348, '2018-04-03 11:39:26', 0),
(543, 410348, '2018-04-03 11:39:36', 0),
(544, 410348, '2018-04-03 11:39:46', 0),
(545, 410348, '2018-04-03 11:39:56', 0),
(546, 410348, '2018-04-03 11:40:06', 0),
(547, 410348, '2018-04-03 11:40:16', 0),
(548, 410348, '2018-04-03 11:40:26', 0),
(549, 410348, '2018-04-03 11:40:36', 0),
(550, 410348, '2018-04-03 11:40:46', 0),
(551, 410348, '2018-04-03 11:40:56', 0),
(552, 410348, '2018-04-03 11:41:06', 0),
(553, 410348, '2018-04-03 11:41:16', 0),
(554, 410348, '2018-04-03 11:41:27', 0),
(555, 410348, '2018-04-03 11:41:37', 0),
(556, 410348, '2018-04-03 11:41:47', 0),
(557, 410348, '2018-04-03 11:41:57', 250),
(558, 410348, '2018-04-03 11:42:07', 0),
(559, 410348, '2018-04-03 11:42:17', 0),
(560, 410348, '2018-04-03 11:42:27', 0),
(561, 410348, '2018-04-03 11:42:37', 0),
(562, 410348, '2018-04-03 11:42:47', 0),
(563, 410348, '2018-04-03 11:42:57', 0),
(564, 410348, '2018-04-03 11:43:07', 0),
(565, 410348, '2018-04-03 11:43:17', 250),
(566, 410348, '2018-04-03 11:43:27', 250),
(567, 410348, '2018-04-03 11:43:37', 250),
(568, 410348, '2018-04-03 11:43:47', 250),
(569, 410348, '2018-04-03 11:43:57', 250),
(570, 410348, '2018-04-03 11:44:07', 250),
(571, 410348, '2018-04-03 11:44:18', 0),
(572, 410348, '2018-04-03 11:44:28', 250),
(573, 410348, '2018-04-03 11:44:38', 0),
(574, 410348, '2018-04-03 11:44:48', 0),
(575, 410348, '2018-04-03 11:44:58', 250),
(576, 410348, '2018-04-03 11:45:08', 0),
(577, 410348, '2018-04-03 11:45:18', 0),
(578, 410348, '2018-04-03 11:45:28', 0),
(579, 410348, '2018-04-03 11:45:39', 0),
(580, 410348, '2018-04-03 11:45:49', 0),
(581, 410348, '2018-04-03 11:45:59', 250),
(582, 410348, '2018-04-03 11:46:09', 0),
(583, 410348, '2018-04-03 11:46:19', 250),
(584, 410348, '2018-04-03 11:46:29', 0),
(585, 410348, '2018-04-03 11:46:39', 0),
(586, 410348, '2018-04-03 11:46:49', 0),
(587, 410348, '2018-04-03 11:54:37', 0),
(588, 410348, '2018-04-03 11:54:42', 0),
(589, 410348, '2018-04-03 11:54:52', 0),
(590, 410348, '2018-04-03 11:55:02', 0),
(591, 410348, '2018-04-03 11:55:12', 0),
(592, 410348, '2018-04-03 11:55:22', 0),
(593, 410348, '2018-04-03 11:55:33', 0),
(594, 410348, '2018-04-03 11:55:42', 0),
(595, 410348, '2018-04-03 11:55:53', 0),
(596, 410348, '2018-04-03 11:56:03', 0),
(597, 410348, '2018-04-03 11:56:13', 0),
(598, 410348, '2018-04-03 11:57:29', 2750),
(599, 410348, '2018-04-03 11:58:29', 3500),
(600, 410348, '2018-04-03 11:59:29', 3500),
(601, 410348, '2018-04-03 12:00:29', 2250),
(602, 410348, '2018-04-03 12:01:29', 3000),
(603, 410348, '2018-04-03 12:02:29', 3250),
(604, 410348, '2018-04-03 12:03:29', 4000),
(605, 410348, '2018-04-03 12:04:29', 2750),
(606, 410348, '2018-04-03 12:05:29', 4000),
(607, 410348, '2018-04-03 12:06:29', 3500),
(608, 410348, '2018-04-03 12:07:29', 4000),
(609, 410348, '2018-04-03 12:09:20', 3500),
(610, 410348, '2018-04-03 12:10:20', 4250),
(611, 410348, '2018-04-03 12:12:17', 250),
(612, 410348, '2018-04-03 12:13:18', 250),
(613, 410348, '2018-04-03 12:14:18', 250),
(614, 410348, '2018-04-03 12:15:18', 3750),
(615, 410348, '2018-04-03 12:16:18', 1000),
(616, 410348, '2018-04-03 12:17:18', 1000),
(617, 410348, '2018-04-03 12:18:18', 1000),
(618, 410348, '2018-04-03 12:19:23', 1000),
(619, 410348, '2018-04-03 12:20:19', 1000),
(620, 410348, '2018-04-03 12:21:19', 1000),
(621, 410348, '2018-04-03 12:22:19', 1000),
(622, 410348, '2018-04-03 12:23:19', 1000),
(623, 410348, '2018-04-03 12:24:19', 1000),
(624, 410348, '2018-04-03 12:25:20', 1000),
(625, 410348, '2018-04-03 12:26:20', 1000),
(626, 410348, '2018-04-03 12:27:20', 1000),
(627, 410348, '2018-04-03 12:28:20', 1000),
(628, 410348, '2018-04-03 12:29:20', 1000),
(629, 410348, '2018-04-03 12:30:20', 1000),
(630, 410348, '2018-04-03 12:31:20', 1000),
(631, 410348, '2018-04-03 12:32:20', 1000),
(632, 410348, '2018-04-03 12:33:20', 1000),
(633, 410348, '2018-04-03 12:34:20', 1000),
(634, 410348, '2018-04-03 12:35:20', 1000),
(635, 410348, '2018-04-03 12:36:26', 1000),
(636, 410348, '2018-04-03 12:37:21', 1000),
(637, 410348, '2018-04-03 12:38:21', 1000),
(638, 410348, '2018-04-03 12:39:21', 1000),
(639, 410348, '2018-04-03 12:40:21', 1000);

-- --------------------------------------------------------

--
-- Table structure for table `pelabuhan`
--

CREATE TABLE IF NOT EXISTS `pelabuhan` (
  `id_pelabuhan` int(11) NOT NULL,
  `nama_pelabuhan` varchar(225) NOT NULL,
  `kota` varchar(225) NOT NULL,
  `provinsi` varchar(225) NOT NULL,
  `zona_waktu` varchar(225) NOT NULL,
  PRIMARY KEY (`id_pelabuhan`)
) ENGINE=InnoDB DEFAULT CHARSET=latin1;

--
-- Dumping data for table `pelabuhan`
--

INSERT INTO `pelabuhan` (`id_pelabuhan`, `nama_pelabuhan`, `kota`, `provinsi`, `zona_waktu`) VALUES
(144, 'Belawan', 'Belawan', 'Belawan', 'GMT 7'),
(256, 'Pulau Batam', 'Batam', 'Batam', 'GMT 7'),
(266, 'Tanung Balai Karimun', 'Karimun', 'Jawa tengah', 'GMT 7'),
(431, 'Tanjung Periok', 'Jakarta', 'Jakarta', 'GMT 7');

-- --------------------------------------------------------

--
-- Table structure for table `perencanaan`
--

CREATE TABLE IF NOT EXISTS `perencanaan` (
  `id_perencanaan` int(11) NOT NULL AUTO_INCREMENT,
  `nomor_pelayaran` varchar(225) NOT NULL,
  `tahun` year(4) NOT NULL,
  `voyage` int(11) NOT NULL,
  `tanggal_input` timestamp NOT NULL DEFAULT CURRENT_TIMESTAMP ON UPDATE CURRENT_TIMESTAMP COMMENT 'current_timestamp()',
  `start` date NOT NULL,
  `end` date NOT NULL,
  `id_kapal` int(11) NOT NULL,
  PRIMARY KEY (`id_perencanaan`),
  KEY `FK_perencanaan_kapal_id_kapal` (`id_kapal`),
  KEY `FK_perencanaan_voyage_id_voyage` (`voyage`)
) ENGINE=InnoDB  DEFAULT CHARSET=latin1 AUTO_INCREMENT=12 ;

--
-- Dumping data for table `perencanaan`
--

INSERT INTO `perencanaan` (`id_perencanaan`, `nomor_pelayaran`, `tahun`, `voyage`, `tanggal_input`, `start`, `end`, `id_kapal`) VALUES
(11, 'hhhh', 2017, 12, '2018-03-24 12:02:45', '2018-03-30', '2018-03-30', 1);

-- --------------------------------------------------------

--
-- Table structure for table `perencanaan_ruas`
--

CREATE TABLE IF NOT EXISTS `perencanaan_ruas` (
  `id_jadwal` int(11) NOT NULL AUTO_INCREMENT,
  `id_ruas` int(11) NOT NULL,
  `id_perencanaan` int(11) NOT NULL,
  `bahan_bakar` varchar(200) NOT NULL,
  PRIMARY KEY (`id_jadwal`),
  KEY `FK_perencanaan_ruas_perencanaan_id_perencanaan` (`id_perencanaan`),
  KEY `FK_perencanaan_ruas_ruas_id_ruas` (`id_ruas`)
) ENGINE=InnoDB  DEFAULT CHARSET=latin1 AUTO_INCREMENT=13 ;

--
-- Dumping data for table `perencanaan_ruas`
--

INSERT INTO `perencanaan_ruas` (`id_jadwal`, `id_ruas`, `id_perencanaan`, `bahan_bakar`) VALUES
(7, 1, 11, '1'),
(8, 2, 11, '2'),
(9, 3, 11, '3'),
(10, 4, 11, '4'),
(11, 5, 11, '5'),
(12, 6, 11, '6');

-- --------------------------------------------------------

--
-- Table structure for table `persetujuan`
--

CREATE TABLE IF NOT EXISTS `persetujuan` (
  `id_persetujuan` int(11) NOT NULL AUTO_INCREMENT,
  `nomor_surat` varchar(255) DEFAULT NULL,
  `perihal` varchar(255) DEFAULT NULL,
  `jumlah_penyetujuan` varchar(255) DEFAULT NULL,
  `id_pengajuan` int(11) DEFAULT NULL,
  `tanggal_persetujuan` date DEFAULT NULL,
  `keterangan` varchar(255) DEFAULT NULL,
  `kepada` varchar(225) NOT NULL,
  PRIMARY KEY (`id_persetujuan`),
  KEY `FK_persetujuan_surat_pengajuan_id_surat` (`id_pengajuan`)
) ENGINE=InnoDB  DEFAULT CHARSET=latin1 AUTO_INCREMENT=2 ;

--
-- Dumping data for table `persetujuan`
--

INSERT INTO `persetujuan` (`id_persetujuan`, `nomor_surat`, `perihal`, `jumlah_penyetujuan`, `id_pengajuan`, `tanggal_persetujuan`, `keterangan`, `kepada`) VALUES
(1, '1.02/10/S/035/2018', 'Persetujuan supply HSD & LO KM.Sabuk Nusantara 27', '18778', 4, '2018-03-31', 'keterangan', 'GM PT. Pelni Cabang Surabaya ');

-- --------------------------------------------------------

--
-- Table structure for table `pintu_kapal`
--

CREATE TABLE IF NOT EXISTS `pintu_kapal` (
  `id` int(11) NOT NULL AUTO_INCREMENT,
  `kode_kapal` int(11) NOT NULL,
  `input` timestamp NOT NULL DEFAULT CURRENT_TIMESTAMP,
  `pintu` tinyint(1) NOT NULL,
  PRIMARY KEY (`id`)
) ENGINE=MyISAM  DEFAULT CHARSET=latin1 AUTO_INCREMENT=640 ;

--
-- Dumping data for table `pintu_kapal`
--

INSERT INTO `pintu_kapal` (`id`, `kode_kapal`, `input`, `pintu`) VALUES
(1, 410348, '2018-03-28 18:19:15', 0),
(2, 410348, '2018-03-28 18:24:52', 1),
(3, 410348, '2018-03-28 18:26:28', 1),
(4, 410348, '2018-03-28 18:26:33', 1),
(5, 410348, '2018-03-29 02:51:55', 1),
(6, 410348, '2018-03-29 02:52:08', 1),
(7, 410348, '2018-03-29 06:22:14', 1),
(8, 410348, '2018-03-29 08:36:15', 1),
(9, 410348, '2018-03-29 08:38:01', 1),
(10, 410348, '2018-03-29 08:40:37', 1),
(11, 410348, '2018-03-29 08:40:58', 1),
(12, 410348, '2018-03-29 08:41:18', 1),
(13, 410348, '2018-03-29 08:41:38', 1),
(14, 410348, '2018-03-29 08:41:59', 1),
(15, 410348, '2018-03-29 08:46:27', 0),
(16, 410348, '2018-03-29 08:46:29', 1),
(17, 410348, '2018-03-29 08:46:31', 1),
(18, 410348, '2018-03-29 08:48:02', 0),
(19, 410348, '2018-03-29 08:48:05', 1),
(20, 410348, '2018-03-29 08:48:23', 0),
(21, 410348, '2018-03-29 08:48:25', 1),
(22, 410348, '2018-03-29 08:48:27', 1),
(23, 410348, '2018-03-29 08:50:29', 0),
(24, 410348, '2018-03-29 08:50:31', 1),
(25, 410348, '2018-03-29 08:50:34', 1),
(26, 410348, '2018-03-29 08:51:33', 0),
(27, 410348, '2018-03-29 08:51:35', 1),
(28, 410348, '2018-03-29 08:51:37', 1),
(29, 410348, '2018-03-29 08:54:32', 0),
(30, 410348, '2018-03-29 08:54:34', 1),
(31, 410348, '2018-03-29 08:54:37', 1),
(32, 410348, '2018-03-29 08:56:28', 0),
(33, 410348, '2018-03-29 08:56:30', 1),
(34, 410348, '2018-03-29 08:56:33', 1),
(35, 410348, '2018-03-29 08:56:35', 1),
(36, 410348, '2018-03-29 08:56:38', 1),
(37, 410348, '2018-03-29 08:56:40', 1),
(38, 410348, '2018-03-29 08:56:42', 1),
(39, 410348, '2018-03-29 08:56:44', 1),
(40, 410348, '2018-03-29 08:56:48', 1),
(41, 410348, '2018-03-29 08:56:51', 1),
(42, 410348, '2018-03-29 08:56:53', 1),
(43, 410348, '2018-03-29 08:56:56', 1),
(44, 410348, '2018-03-29 08:56:58', 1),
(45, 410348, '2018-03-29 08:57:01', 1),
(46, 410348, '2018-03-29 08:57:03', 1),
(47, 410348, '2018-03-29 08:57:06', 1),
(48, 410348, '2018-03-29 08:57:08', 1),
(49, 410348, '2018-03-29 08:57:11', 1),
(50, 410348, '2018-03-29 08:57:15', 1),
(51, 410348, '2018-03-29 08:57:17', 1),
(52, 410348, '2018-03-29 08:57:19', 1),
(53, 410348, '2018-03-29 08:57:21', 1),
(54, 410348, '2018-03-29 08:57:24', 1),
(55, 410348, '2018-03-29 08:57:26', 1),
(56, 410348, '2018-03-29 08:57:28', 1),
(57, 410348, '2018-03-29 08:57:31', 1),
(58, 410348, '2018-03-29 08:57:33', 1),
(59, 410348, '2018-03-29 08:57:35', 1),
(60, 410348, '2018-03-29 08:57:37', 1),
(61, 410348, '2018-03-29 08:57:40', 1),
(62, 410348, '2018-03-29 08:57:42', 1),
(63, 410348, '2018-03-29 08:57:44', 1),
(64, 410348, '2018-03-29 08:57:47', 1),
(65, 410348, '2018-03-29 08:57:49', 1),
(66, 410348, '2018-03-29 08:57:51', 1),
(67, 410348, '2018-03-29 08:57:54', 1),
(68, 410348, '2018-03-29 08:57:56', 1),
(69, 410348, '2018-03-29 08:57:58', 0),
(70, 410348, '2018-03-29 08:58:00', 1),
(71, 410348, '2018-03-29 08:58:03', 1),
(72, 410348, '2018-03-29 08:58:05', 1),
(73, 410348, '2018-03-29 08:58:07', 1),
(74, 410348, '2018-03-29 08:58:10', 1),
(75, 410348, '2018-03-29 08:58:12', 1),
(76, 410348, '2018-03-29 08:58:14', 1),
(77, 410348, '2018-03-29 08:58:17', 1),
(78, 410348, '2018-03-29 08:58:19', 1),
(79, 410348, '2018-03-29 08:58:21', 1),
(80, 410348, '2018-03-29 08:58:23', 1),
(81, 410348, '2018-03-29 08:58:26', 1),
(82, 410348, '2018-03-29 08:58:28', 1),
(83, 410348, '2018-03-29 08:58:30', 1),
(84, 410348, '2018-03-29 08:58:33', 1),
(85, 410348, '2018-03-29 08:58:35', 1),
(86, 410348, '2018-03-29 08:58:37', 1),
(87, 410348, '2018-03-29 08:58:40', 1),
(88, 410348, '2018-03-29 08:58:42', 1),
(89, 410348, '2018-03-29 08:58:44', 1),
(90, 410348, '2018-03-29 08:58:46', 1),
(91, 410348, '2018-03-29 08:58:49', 1),
(92, 410348, '2018-03-29 08:58:51', 1),
(93, 410348, '2018-03-29 08:58:53', 1),
(94, 410348, '2018-03-29 08:58:56', 1),
(95, 410348, '2018-03-29 08:58:58', 1),
(96, 410348, '2018-03-29 08:59:00', 1),
(97, 410348, '2018-03-29 08:59:04', 1),
(98, 410348, '2018-03-29 08:59:06', 1),
(99, 410348, '2018-03-29 08:59:08', 1),
(100, 410348, '2018-03-29 08:59:44', 0),
(101, 410348, '2018-03-29 08:59:46', 1),
(102, 410348, '2018-03-29 08:59:48', 1),
(103, 410348, '2018-03-29 09:11:33', 0),
(104, 410348, '2018-03-29 09:11:35', 1),
(105, 410348, '2018-03-29 09:11:37', 1),
(106, 410348, '2018-03-29 09:11:40', 1),
(107, 410348, '2018-03-29 09:11:42', 1),
(108, 410348, '2018-03-29 09:11:44', 1),
(109, 410348, '2018-03-29 09:11:46', 1),
(110, 410348, '2018-03-29 09:11:49', 1),
(111, 410348, '2018-03-29 09:11:51', 1),
(112, 410348, '2018-03-29 09:11:53', 1),
(113, 410348, '2018-03-29 09:11:56', 1),
(114, 410348, '2018-03-29 09:11:58', 1),
(115, 410348, '2018-03-29 09:12:00', 1),
(116, 410348, '2018-03-29 09:12:02', 1),
(117, 410348, '2018-03-29 09:12:05', 1),
(118, 410348, '2018-03-29 09:12:07', 1),
(119, 410348, '2018-03-29 09:12:09', 1),
(120, 410348, '2018-03-29 09:12:12', 1),
(121, 410348, '2018-03-29 09:12:14', 1),
(122, 410348, '2018-03-29 09:18:13', 0),
(123, 410348, '2018-03-29 09:18:16', 1),
(124, 410348, '2018-03-29 09:18:18', 1),
(125, 410348, '2018-03-29 09:19:08', 0),
(126, 410348, '2018-03-29 09:19:11', 1),
(127, 410348, '2018-03-29 09:19:13', 1),
(128, 410348, '2018-03-29 09:23:16', 0),
(129, 410348, '2018-03-29 09:23:18', 0),
(130, 410348, '2018-03-29 09:23:21', 0),
(131, 410348, '2018-03-29 09:27:06', 0),
(132, 410348, '2018-03-29 09:27:08', 0),
(133, 410348, '2018-03-29 09:27:11', 0),
(134, 410348, '2018-03-29 09:28:46', 0),
(135, 410348, '2018-03-29 09:28:48', 0),
(136, 410348, '2018-03-29 09:28:51', 0),
(137, 410348, '2018-03-29 09:30:11', 0),
(138, 410348, '2018-03-29 09:30:13', 0),
(139, 410348, '2018-03-29 09:30:15', 0),
(140, 410348, '2018-03-29 09:31:30', 0),
(141, 410348, '2018-03-29 09:31:33', 0),
(142, 410348, '2018-03-29 09:31:35', 0),
(143, 410348, '2018-03-29 09:32:56', 0),
(144, 410348, '2018-03-29 09:32:58', 1),
(145, 410348, '2018-03-29 09:33:00', 1),
(146, 410348, '2018-03-29 09:37:46', 1),
(147, 410348, '2018-03-29 09:37:48', 1),
(148, 410348, '2018-03-29 09:46:35', 1),
(149, 410348, '2018-03-29 09:46:42', 1),
(150, 410348, '2018-03-29 09:46:48', 1),
(151, 410348, '2018-03-29 09:46:54', 1),
(152, 410348, '2018-03-29 09:47:00', 1),
(153, 410348, '2018-03-29 09:47:07', 1),
(154, 410348, '2018-03-29 09:47:13', 1),
(155, 410348, '2018-03-29 09:47:19', 1),
(156, 410348, '2018-03-29 09:47:25', 1),
(157, 410348, '2018-03-29 09:47:32', 1),
(158, 410348, '2018-03-29 09:47:38', 1),
(159, 410348, '2018-03-29 09:47:44', 1),
(160, 410348, '2018-03-29 09:47:50', 1),
(161, 410348, '2018-03-29 09:47:57', 1),
(162, 410348, '2018-03-29 09:48:29', 1),
(163, 410348, '2018-03-29 09:48:35', 1),
(164, 410348, '2018-03-29 09:48:42', 1),
(165, 410348, '2018-03-29 10:05:20', 1),
(166, 410348, '2018-03-29 10:05:26', 1),
(167, 410348, '2018-03-29 10:05:32', 1),
(168, 410348, '2018-03-29 10:10:41', 0),
(169, 410348, '2018-03-29 10:10:48', 0),
(170, 410348, '2018-03-29 10:10:54', 0),
(171, 410348, '2018-03-29 10:11:00', 0),
(172, 410348, '2018-03-29 10:11:06', 0),
(173, 410348, '2018-03-29 10:11:13', 0),
(174, 410348, '2018-03-29 10:11:19', 0),
(175, 410348, '2018-03-29 10:11:25', 0),
(176, 410348, '2018-03-29 10:11:32', 0),
(177, 410348, '2018-03-29 10:11:38', 0),
(178, 410348, '2018-03-29 10:11:44', 0),
(179, 410348, '2018-03-29 10:11:50', 0),
(180, 410348, '2018-03-29 10:11:57', 0),
(181, 410348, '2018-03-29 10:12:03', 0),
(182, 410348, '2018-03-29 10:12:09', 0),
(183, 410348, '2018-03-29 10:12:15', 0),
(184, 410348, '2018-03-29 10:12:22', 0),
(185, 410348, '2018-03-29 10:12:28', 0),
(186, 410348, '2018-03-29 10:12:34', 0),
(187, 410348, '2018-03-29 10:12:40', 0),
(188, 410348, '2018-03-29 10:12:47', 0),
(189, 410348, '2018-03-29 10:12:53', 0),
(190, 410348, '2018-03-29 10:12:59', 0),
(191, 410348, '2018-03-29 10:13:05', 0),
(192, 410348, '2018-03-29 10:13:12', 0),
(193, 410348, '2018-03-29 10:13:18', 0),
(194, 410348, '2018-03-29 10:13:24', 0),
(195, 410348, '2018-03-29 10:13:30', 0),
(196, 410348, '2018-03-29 10:13:37', 0),
(197, 410348, '2018-03-29 10:13:43', 0),
(198, 410348, '2018-03-29 10:13:49', 0),
(199, 410348, '2018-03-29 10:13:56', 0),
(200, 410348, '2018-03-29 10:14:02', 0),
(201, 410348, '2018-03-29 10:14:08', 0),
(202, 410348, '2018-03-29 10:14:15', 0),
(203, 410348, '2018-03-29 10:14:21', 0),
(204, 410348, '2018-03-29 10:14:27', 0),
(205, 410348, '2018-03-29 10:14:33', 0),
(206, 410348, '2018-03-29 10:14:40', 0),
(207, 410348, '2018-03-29 10:14:46', 0),
(208, 410348, '2018-03-29 10:14:52', 0),
(209, 410348, '2018-03-29 10:14:59', 0),
(210, 410348, '2018-03-29 10:15:05', 0),
(211, 410348, '2018-03-29 10:15:12', 0),
(212, 410348, '2018-03-29 10:15:18', 0),
(213, 410348, '2018-03-29 10:15:24', 0),
(214, 410348, '2018-03-29 10:15:30', 0),
(215, 410348, '2018-03-29 10:15:37', 0),
(216, 410348, '2018-03-29 10:15:43', 0),
(217, 410348, '2018-03-29 10:15:49', 0),
(218, 410348, '2018-03-29 10:15:56', 0),
(219, 410348, '2018-03-29 10:16:02', 0),
(220, 410348, '2018-03-29 10:16:09', 0),
(221, 410348, '2018-03-29 10:16:15', 0),
(222, 410348, '2018-03-29 10:16:21', 0),
(223, 410348, '2018-03-29 10:16:28', 0),
(224, 410348, '2018-03-29 10:16:34', 0),
(225, 410348, '2018-03-29 10:16:40', 0),
(226, 410348, '2018-03-29 10:16:46', 0),
(227, 410348, '2018-03-29 10:16:53', 0),
(228, 410348, '2018-03-29 10:16:59', 0),
(229, 410348, '2018-03-29 10:17:05', 0),
(230, 410348, '2018-03-29 10:17:11', 0),
(231, 410348, '2018-03-29 10:17:18', 0),
(232, 410348, '2018-03-29 10:17:24', 0),
(233, 410348, '2018-03-29 10:17:30', 0),
(234, 410348, '2018-03-29 10:17:36', 0),
(235, 410348, '2018-03-29 10:17:43', 0),
(236, 410348, '2018-03-29 10:17:49', 0),
(237, 410348, '2018-03-29 10:17:55', 0),
(238, 410348, '2018-03-29 10:18:01', 0),
(239, 410348, '2018-03-29 10:18:08', 0),
(240, 410348, '2018-03-29 10:18:14', 0),
(241, 410348, '2018-03-29 10:18:20', 0),
(242, 410348, '2018-03-29 10:18:26', 0),
(243, 410348, '2018-03-29 10:18:33', 0),
(244, 410348, '2018-03-29 10:18:39', 0),
(245, 410348, '2018-03-29 10:18:45', 0),
(246, 410348, '2018-03-29 10:18:51', 0),
(247, 410348, '2018-03-29 10:18:58', 0),
(248, 410348, '2018-03-29 10:19:04', 0),
(249, 410348, '2018-03-29 10:19:10', 0),
(250, 410348, '2018-03-29 10:19:16', 0),
(251, 410348, '2018-03-29 10:19:23', 0),
(252, 410348, '2018-03-29 10:19:29', 0),
(253, 410348, '2018-03-29 10:19:35', 0),
(254, 410348, '2018-03-29 10:19:41', 0),
(255, 410348, '2018-03-29 10:19:48', 0),
(256, 410348, '2018-03-29 10:19:54', 0),
(257, 410348, '2018-03-29 10:20:00', 0),
(258, 410348, '2018-03-29 10:20:07', 0),
(259, 410348, '2018-03-29 10:20:13', 0),
(260, 410348, '2018-03-29 10:20:19', 0),
(261, 410348, '2018-03-29 10:20:25', 0),
(262, 410348, '2018-03-29 10:20:32', 0),
(263, 410348, '2018-03-29 10:20:38', 0),
(264, 410348, '2018-03-29 10:20:44', 0),
(265, 410348, '2018-03-29 10:20:50', 0),
(266, 410348, '2018-03-29 10:20:57', 0),
(267, 410348, '2018-03-29 10:21:03', 0),
(268, 410348, '2018-03-29 10:21:09', 0),
(269, 410348, '2018-03-29 10:21:15', 0),
(270, 410348, '2018-03-29 10:21:22', 0),
(271, 410348, '2018-03-29 10:21:28', 0),
(272, 410348, '2018-03-29 10:21:34', 0),
(273, 410348, '2018-03-29 10:21:41', 0),
(274, 410348, '2018-03-29 10:21:47', 0),
(275, 410348, '2018-03-29 10:21:54', 0),
(276, 410348, '2018-03-29 10:22:00', 0),
(277, 410348, '2018-03-29 10:22:07', 0),
(278, 410348, '2018-03-29 10:22:13', 0),
(279, 410348, '2018-03-29 10:22:20', 0),
(280, 410348, '2018-03-29 10:22:26', 0),
(281, 410348, '2018-03-29 10:22:32', 0),
(282, 410348, '2018-03-29 10:22:39', 0),
(283, 410348, '2018-03-29 10:22:45', 0),
(284, 410348, '2018-03-29 10:22:52', 0),
(285, 410348, '2018-03-29 10:22:58', 0),
(286, 410348, '2018-03-29 10:23:05', 0),
(287, 410348, '2018-03-29 10:23:11', 0),
(288, 410348, '2018-03-29 10:23:18', 0),
(289, 410348, '2018-03-29 10:23:24', 0),
(290, 410348, '2018-03-29 10:23:30', 0),
(291, 410348, '2018-03-29 10:24:33', 0),
(292, 410348, '2018-03-29 10:24:39', 0),
(293, 410348, '2018-03-29 10:24:45', 0),
(294, 410348, '2018-03-29 10:29:18', 0),
(295, 410348, '2018-03-29 10:29:24', 0),
(296, 410348, '2018-03-29 10:29:30', 0),
(297, 410348, '2018-03-29 10:31:14', 0),
(298, 410348, '2018-03-29 10:31:19', 0),
(299, 410348, '2018-03-29 10:31:25', 0),
(300, 410348, '2018-03-29 10:33:21', 0),
(301, 410348, '2018-03-29 10:34:07', 0),
(302, 410348, '2018-03-29 10:35:52', 0),
(303, 410348, '2018-03-29 10:37:54', 0),
(304, 410348, '2018-03-29 10:42:16', 0),
(305, 410348, '2018-03-30 08:50:48', 0),
(306, 410348, '2018-03-30 09:14:33', 0),
(307, 410348, '2018-03-31 02:26:47', 0),
(308, 410348, '2018-03-31 07:10:22', 0),
(309, 410348, '2018-03-31 07:11:49', 0),
(310, 410348, '2018-03-31 07:13:56', 1),
(311, 410348, '2018-03-31 07:16:31', 0),
(312, 410348, '2018-03-31 07:18:21', 0),
(313, 410348, '2018-03-31 07:20:48', 0),
(314, 410348, '2018-03-31 07:23:03', 0),
(315, 410348, '2018-03-31 07:25:05', 0),
(316, 410348, '2018-03-31 07:27:22', 0),
(317, 410348, '2018-03-31 07:34:44', 0),
(318, 410348, '2018-03-31 07:38:05', 0),
(319, 410348, '2018-03-31 07:55:07', 0),
(320, 410348, '2018-03-31 07:58:01', 0),
(321, 410348, '2018-03-31 08:08:28', 0),
(322, 410348, '2018-04-01 20:55:54', 0),
(323, 410348, '2018-04-01 20:56:04', 0),
(324, 410348, '2018-04-01 20:56:14', 0),
(325, 410348, '2018-04-01 20:56:24', 0),
(326, 410348, '2018-04-01 20:56:34', 0),
(327, 410348, '2018-04-01 20:56:44', 0),
(328, 410348, '2018-04-01 20:56:54', 0),
(329, 410348, '2018-04-01 20:57:04', 0),
(330, 410348, '2018-04-01 20:57:14', 0),
(331, 410348, '2018-04-01 20:57:24', 0),
(332, 410348, '2018-04-01 20:57:34', 0),
(333, 410348, '2018-04-01 20:57:44', 0),
(334, 410348, '2018-04-01 20:57:54', 0),
(335, 410348, '2018-04-01 20:58:04', 0),
(336, 410348, '2018-04-01 20:58:14', 0),
(337, 410348, '2018-04-01 20:58:24', 0),
(338, 410348, '2018-04-02 03:47:15', 0),
(339, 410348, '2018-04-02 03:47:26', 0),
(340, 410348, '2018-04-02 03:47:36', 0),
(341, 410348, '2018-04-02 03:47:46', 0),
(342, 410348, '2018-04-02 03:47:56', 0),
(343, 410348, '2018-04-02 03:48:06', 0),
(344, 410348, '2018-04-02 03:48:17', 0),
(345, 410348, '2018-04-02 03:48:30', 0),
(346, 410348, '2018-04-02 03:48:40', 0),
(347, 410348, '2018-04-02 03:48:50', 0),
(348, 410348, '2018-04-02 03:49:03', 0),
(349, 410348, '2018-04-02 03:49:13', 0),
(350, 410348, '2018-04-02 03:49:23', 0),
(351, 410348, '2018-04-02 03:49:33', 0),
(352, 410348, '2018-04-02 03:49:45', 0),
(353, 410348, '2018-04-02 03:50:00', 0),
(354, 410348, '2018-04-02 03:50:10', 0),
(355, 410348, '2018-04-02 03:50:21', 0),
(356, 410348, '2018-04-02 03:50:31', 0),
(357, 410348, '2018-04-02 03:50:41', 0),
(358, 410348, '2018-04-02 03:50:51', 0),
(359, 410348, '2018-04-02 03:51:01', 0),
(360, 410348, '2018-04-02 03:51:11', 0),
(361, 410348, '2018-04-02 03:51:21', 0),
(362, 410348, '2018-04-02 03:51:31', 0),
(363, 410348, '2018-04-02 03:51:41', 0),
(364, 410348, '2018-04-02 03:51:54', 0),
(365, 410348, '2018-04-02 03:52:04', 0),
(366, 410348, '2018-04-02 03:52:14', 0),
(367, 410348, '2018-04-02 03:52:26', 0),
(368, 410348, '2018-04-02 03:52:36', 0),
(369, 410348, '2018-04-02 03:52:46', 0),
(370, 410348, '2018-04-02 03:52:56', 0),
(371, 410348, '2018-04-02 03:53:06', 0),
(372, 410348, '2018-04-02 03:53:16', 0),
(373, 410348, '2018-04-02 03:53:26', 0),
(374, 410348, '2018-04-02 03:53:36', 0),
(375, 410348, '2018-04-02 03:53:46', 0),
(376, 410348, '2018-04-02 03:53:56', 0),
(377, 410348, '2018-04-02 03:54:06', 0),
(378, 410348, '2018-04-02 03:54:16', 0),
(379, 410348, '2018-04-02 03:54:26', 0),
(380, 410348, '2018-04-02 03:54:36', 0),
(381, 410348, '2018-04-02 03:54:50', 0),
(382, 410348, '2018-04-02 03:54:56', 0),
(383, 410348, '2018-04-02 03:55:06', 0),
(384, 410348, '2018-04-02 03:55:16', 0),
(385, 410348, '2018-04-02 03:55:26', 0),
(386, 410348, '2018-04-02 03:55:36', 0),
(387, 410348, '2018-04-02 03:55:46', 0),
(388, 410348, '2018-04-02 03:55:56', 0),
(389, 410348, '2018-04-02 03:56:09', 0),
(390, 410348, '2018-04-02 03:56:19', 0),
(391, 410348, '2018-04-02 03:56:29', 0),
(392, 410348, '2018-04-02 03:56:39', 0),
(393, 410348, '2018-04-02 03:56:49', 0),
(394, 410348, '2018-04-02 03:56:59', 0),
(395, 410348, '2018-04-02 03:57:09', 0),
(396, 410348, '2018-04-02 03:57:19', 0),
(397, 410348, '2018-04-02 03:57:29', 0),
(398, 410348, '2018-04-02 03:57:39', 0),
(399, 410348, '2018-04-02 03:57:49', 0),
(400, 410348, '2018-04-02 03:57:59', 0),
(401, 410348, '2018-04-02 03:58:09', 0),
(402, 410348, '2018-04-02 03:58:19', 0),
(403, 410348, '2018-04-02 03:58:29', 0),
(404, 410348, '2018-04-02 03:58:39', 0),
(405, 410348, '2018-04-02 03:58:49', 0),
(406, 410348, '2018-04-02 03:58:59', 0),
(407, 410348, '2018-04-02 03:59:09', 0),
(408, 410348, '2018-04-02 03:59:19', 0),
(409, 410348, '2018-04-02 03:59:29', 0),
(410, 410348, '2018-04-02 03:59:39', 0),
(411, 410348, '2018-04-02 03:59:49', 0),
(412, 410348, '2018-04-02 03:59:59', 0),
(413, 410348, '2018-04-02 04:00:09', 0),
(414, 410348, '2018-04-02 04:00:19', 0),
(415, 410348, '2018-04-02 04:00:29', 0),
(416, 410348, '2018-04-02 04:00:39', 0),
(417, 410348, '2018-04-02 04:00:49', 0),
(418, 410348, '2018-04-02 04:00:59', 0),
(419, 410348, '2018-04-02 04:01:09', 0),
(420, 410348, '2018-04-02 04:01:19', 0),
(421, 410348, '2018-04-02 04:01:29', 0),
(422, 410348, '2018-04-02 04:01:39', 0),
(423, 410348, '2018-04-02 04:01:49', 0),
(424, 410348, '2018-04-02 04:01:59', 0),
(425, 410348, '2018-04-02 04:02:09', 0),
(426, 410348, '2018-04-02 04:02:19', 0),
(427, 410348, '2018-04-02 04:02:29', 0),
(428, 410348, '2018-04-02 04:02:39', 0),
(429, 410348, '2018-04-02 04:02:49', 0),
(430, 410348, '2018-04-02 04:03:00', 0),
(431, 410348, '2018-04-02 04:03:09', 0),
(432, 410348, '2018-04-02 04:03:19', 0),
(433, 410348, '2018-04-02 04:03:29', 0),
(434, 410348, '2018-04-02 04:03:39', 0),
(435, 410348, '2018-04-02 04:03:49', 0),
(436, 410348, '2018-04-02 04:04:00', 0),
(437, 410348, '2018-04-02 04:04:09', 0),
(438, 410348, '2018-04-02 04:04:19', 0),
(439, 410348, '2018-04-02 04:04:30', 0),
(440, 410348, '2018-04-02 04:04:40', 0),
(441, 410348, '2018-04-02 04:04:50', 0),
(442, 410348, '2018-04-02 04:05:00', 0),
(443, 410348, '2018-04-02 04:05:10', 0),
(444, 410348, '2018-04-02 04:05:21', 0),
(445, 410348, '2018-04-02 04:05:31', 0),
(446, 410348, '2018-04-02 04:05:41', 0),
(447, 410348, '2018-04-02 04:05:51', 0),
(448, 410348, '2018-04-02 04:06:01', 0),
(449, 410348, '2018-04-02 04:06:11', 0),
(450, 410348, '2018-04-02 04:06:21', 0),
(451, 410348, '2018-04-02 04:06:32', 0),
(452, 410348, '2018-04-02 04:06:42', 0),
(453, 410348, '2018-04-02 04:06:52', 0),
(454, 410348, '2018-04-02 04:07:04', 0),
(455, 410348, '2018-04-02 04:07:14', 0),
(456, 410348, '2018-04-02 04:07:24', 0),
(457, 410348, '2018-04-02 04:07:34', 0),
(458, 410348, '2018-04-02 04:07:51', 0),
(459, 410348, '2018-04-02 04:07:54', 0),
(460, 410348, '2018-04-02 04:08:07', 0),
(461, 410348, '2018-04-02 04:08:15', 0),
(462, 410348, '2018-04-02 04:08:24', 0),
(463, 410348, '2018-04-02 04:08:35', 0),
(464, 410348, '2018-04-02 04:08:45', 0),
(465, 410348, '2018-04-02 04:08:55', 0),
(466, 410348, '2018-04-02 04:09:05', 0),
(467, 410348, '2018-04-02 04:09:15', 0),
(468, 410348, '2018-04-02 04:09:25', 0),
(469, 410348, '2018-04-02 04:09:35', 0),
(470, 410348, '2018-04-02 04:09:45', 0),
(471, 410348, '2018-04-02 04:09:55', 0),
(472, 410348, '2018-04-02 04:10:05', 0),
(473, 410348, '2018-04-02 04:10:15', 0),
(474, 410348, '2018-04-02 04:10:25', 0),
(475, 410348, '2018-04-02 04:10:35', 0),
(476, 410348, '2018-04-02 04:10:45', 0),
(477, 410348, '2018-04-02 04:10:57', 0),
(478, 410348, '2018-04-02 04:11:07', 0),
(479, 410348, '2018-04-02 04:11:17', 0),
(480, 410348, '2018-04-02 04:11:27', 0),
(481, 410348, '2018-04-02 04:11:37', 0),
(482, 410348, '2018-04-02 04:11:47', 0),
(483, 410348, '2018-04-02 04:11:57', 0),
(484, 410348, '2018-04-02 04:12:07', 0),
(485, 410348, '2018-04-02 04:12:17', 0),
(486, 410348, '2018-04-02 04:12:27', 0),
(487, 410348, '2018-04-02 04:12:37', 0),
(488, 410348, '2018-04-02 04:12:47', 0),
(489, 410348, '2018-04-02 04:12:59', 0),
(490, 410348, '2018-04-02 04:13:10', 0),
(491, 410348, '2018-04-02 04:13:21', 0),
(492, 410348, '2018-04-02 04:13:31', 0),
(493, 410348, '2018-04-02 04:13:45', 0),
(494, 410348, '2018-04-02 04:13:51', 0),
(495, 410348, '2018-04-02 04:14:01', 0),
(496, 410348, '2018-04-02 04:14:13', 0),
(497, 410348, '2018-04-02 04:14:27', 0),
(498, 410348, '2018-04-02 04:14:37', 0),
(499, 410348, '2018-04-02 04:14:47', 0),
(500, 410348, '2018-04-02 04:14:57', 0),
(501, 410348, '2018-04-02 04:15:07', 0),
(502, 410348, '2018-04-02 04:15:17', 0),
(503, 410348, '2018-04-02 04:15:27', 0),
(504, 410348, '2018-04-02 04:15:38', 0),
(505, 410348, '2018-04-02 04:15:48', 0),
(506, 410348, '2018-04-03 11:33:26', 0),
(507, 410348, '2018-04-03 11:33:35', 0),
(508, 410348, '2018-04-03 11:33:45', 0),
(509, 410348, '2018-04-03 11:33:56', 0),
(510, 410348, '2018-04-03 11:34:06', 0),
(511, 410348, '2018-04-03 11:34:16', 0),
(512, 410348, '2018-04-03 11:34:26', 0),
(513, 410348, '2018-04-03 11:34:36', 0),
(514, 410348, '2018-04-03 11:34:46', 0),
(515, 410348, '2018-04-03 11:34:56', 0),
(516, 410348, '2018-04-03 11:35:06', 0),
(517, 410348, '2018-04-03 11:35:16', 0),
(518, 410348, '2018-04-03 11:35:26', 0),
(519, 410348, '2018-04-03 11:35:36', 0),
(520, 410348, '2018-04-03 11:35:46', 0),
(521, 410348, '2018-04-03 11:35:56', 0),
(522, 410348, '2018-04-03 11:36:06', 0),
(523, 410348, '2018-04-03 11:36:16', 0),
(524, 410348, '2018-04-03 11:36:26', 0),
(525, 410348, '2018-04-03 11:36:36', 0),
(526, 410348, '2018-04-03 11:36:46', 0),
(527, 410348, '2018-04-03 11:36:56', 0),
(528, 410348, '2018-04-03 11:37:06', 0),
(529, 410348, '2018-04-03 11:37:16', 0),
(530, 410348, '2018-04-03 11:37:26', 0),
(531, 410348, '2018-04-03 11:37:36', 0),
(532, 410348, '2018-04-03 11:37:46', 0),
(533, 410348, '2018-04-03 11:37:56', 0),
(534, 410348, '2018-04-03 11:38:06', 0),
(535, 410348, '2018-04-03 11:38:16', 0),
(536, 410348, '2018-04-03 11:38:26', 0),
(537, 410348, '2018-04-03 11:38:36', 0),
(538, 410348, '2018-04-03 11:38:46', 0),
(539, 410348, '2018-04-03 11:38:56', 0),
(540, 410348, '2018-04-03 11:39:06', 0),
(541, 410348, '2018-04-03 11:39:16', 0),
(542, 410348, '2018-04-03 11:39:26', 0),
(543, 410348, '2018-04-03 11:39:36', 0),
(544, 410348, '2018-04-03 11:39:46', 0),
(545, 410348, '2018-04-03 11:39:56', 0),
(546, 410348, '2018-04-03 11:40:06', 0),
(547, 410348, '2018-04-03 11:40:16', 0),
(548, 410348, '2018-04-03 11:40:26', 0),
(549, 410348, '2018-04-03 11:40:36', 0),
(550, 410348, '2018-04-03 11:40:46', 0),
(551, 410348, '2018-04-03 11:40:56', 0),
(552, 410348, '2018-04-03 11:41:06', 0),
(553, 410348, '2018-04-03 11:41:16', 0),
(554, 410348, '2018-04-03 11:41:27', 0),
(555, 410348, '2018-04-03 11:41:37', 0),
(556, 410348, '2018-04-03 11:41:47', 0),
(557, 410348, '2018-04-03 11:41:57', 0),
(558, 410348, '2018-04-03 11:42:07', 0),
(559, 410348, '2018-04-03 11:42:17', 0),
(560, 410348, '2018-04-03 11:42:27', 0),
(561, 410348, '2018-04-03 11:42:37', 0),
(562, 410348, '2018-04-03 11:42:47', 0),
(563, 410348, '2018-04-03 11:42:57', 0),
(564, 410348, '2018-04-03 11:43:07', 0),
(565, 410348, '2018-04-03 11:43:17', 0),
(566, 410348, '2018-04-03 11:43:27', 0),
(567, 410348, '2018-04-03 11:43:37', 0),
(568, 410348, '2018-04-03 11:43:47', 0),
(569, 410348, '2018-04-03 11:43:57', 0),
(570, 410348, '2018-04-03 11:44:07', 0),
(571, 410348, '2018-04-03 11:44:18', 0),
(572, 410348, '2018-04-03 11:44:28', 0),
(573, 410348, '2018-04-03 11:44:38', 0),
(574, 410348, '2018-04-03 11:44:48', 0),
(575, 410348, '2018-04-03 11:44:58', 0),
(576, 410348, '2018-04-03 11:45:08', 0),
(577, 410348, '2018-04-03 11:45:18', 0),
(578, 410348, '2018-04-03 11:45:28', 0),
(579, 410348, '2018-04-03 11:45:39', 0),
(580, 410348, '2018-04-03 11:45:49', 0),
(581, 410348, '2018-04-03 11:45:59', 0),
(582, 410348, '2018-04-03 11:46:09', 0),
(583, 410348, '2018-04-03 11:46:19', 0),
(584, 410348, '2018-04-03 11:46:29', 0),
(585, 410348, '2018-04-03 11:46:39', 0),
(586, 410348, '2018-04-03 11:46:49', 0),
(587, 410348, '2018-04-03 11:54:38', 0),
(588, 410348, '2018-04-03 11:54:42', 0),
(589, 410348, '2018-04-03 11:54:52', 0),
(590, 410348, '2018-04-03 11:55:02', 0),
(591, 410348, '2018-04-03 11:55:12', 0),
(592, 410348, '2018-04-03 11:55:22', 0),
(593, 410348, '2018-04-03 11:55:33', 0),
(594, 410348, '2018-04-03 11:55:42', 0),
(595, 410348, '2018-04-03 11:55:53', 0),
(596, 410348, '2018-04-03 11:56:03', 0),
(597, 410348, '2018-04-03 11:56:13', 0),
(598, 410348, '2018-04-03 11:57:29', 0),
(599, 410348, '2018-04-03 11:58:29', 0),
(600, 410348, '2018-04-03 11:59:29', 0),
(601, 410348, '2018-04-03 12:00:29', 0),
(602, 410348, '2018-04-03 12:01:29', 0),
(603, 410348, '2018-04-03 12:02:29', 0),
(604, 410348, '2018-04-03 12:03:29', 0),
(605, 410348, '2018-04-03 12:04:29', 0),
(606, 410348, '2018-04-03 12:05:29', 0),
(607, 410348, '2018-04-03 12:06:29', 0),
(608, 410348, '2018-04-03 12:07:29', 0),
(609, 410348, '2018-04-03 12:09:20', 0),
(610, 410348, '2018-04-03 12:10:20', 0),
(611, 410348, '2018-04-03 12:12:17', 0),
(612, 410348, '2018-04-03 12:13:18', 0),
(613, 410348, '2018-04-03 12:14:18', 0),
(614, 410348, '2018-04-03 12:15:18', 0),
(615, 410348, '2018-04-03 12:16:18', 0),
(616, 410348, '2018-04-03 12:17:18', 0),
(617, 410348, '2018-04-03 12:18:18', 0),
(618, 410348, '2018-04-03 12:19:23', 0),
(619, 410348, '2018-04-03 12:20:19', 0),
(620, 410348, '2018-04-03 12:21:19', 0),
(621, 410348, '2018-04-03 12:22:19', 0),
(622, 410348, '2018-04-03 12:23:19', 0),
(623, 410348, '2018-04-03 12:24:19', 0),
(624, 410348, '2018-04-03 12:25:20', 0),
(625, 410348, '2018-04-03 12:26:20', 0),
(626, 410348, '2018-04-03 12:27:20', 0),
(627, 410348, '2018-04-03 12:28:20', 0),
(628, 410348, '2018-04-03 12:29:20', 0),
(629, 410348, '2018-04-03 12:30:20', 0),
(630, 410348, '2018-04-03 12:31:20', 0),
(631, 410348, '2018-04-03 12:32:20', 0),
(632, 410348, '2018-04-03 12:33:20', 0),
(633, 410348, '2018-04-03 12:34:20', 0),
(634, 410348, '2018-04-03 12:35:20', 0),
(635, 410348, '2018-04-03 12:36:26', 0),
(636, 410348, '2018-04-03 12:37:21', 0),
(637, 410348, '2018-04-03 12:38:21', 0),
(638, 410348, '2018-04-03 12:39:21', 0),
(639, 410348, '2018-04-03 12:40:21', 0);

-- --------------------------------------------------------

--
-- Table structure for table `ruas`
--

CREATE TABLE IF NOT EXISTS `ruas` (
  `id_ruas` int(11) NOT NULL AUTO_INCREMENT,
  `id_voyage` int(11) DEFAULT NULL,
  `urutan` int(11) NOT NULL,
  PRIMARY KEY (`id_ruas`),
  KEY `FK_ruas_voyage_id_voyage` (`id_voyage`)
) ENGINE=InnoDB  DEFAULT CHARSET=latin1 AUTO_INCREMENT=7 ;

--
-- Dumping data for table `ruas`
--

INSERT INTO `ruas` (`id_ruas`, `id_voyage`, `urutan`) VALUES
(1, 12, 1),
(2, 12, 2),
(3, 12, 3),
(4, 12, 4),
(5, 12, 5),
(6, 12, 6);

-- --------------------------------------------------------

--
-- Table structure for table `status`
--

CREATE TABLE IF NOT EXISTS `status` (
  `id_status` int(11) NOT NULL AUTO_INCREMENT,
  `nama_status` varchar(225) NOT NULL,
  PRIMARY KEY (`id_status`)
) ENGINE=InnoDB  DEFAULT CHARSET=latin1 AUTO_INCREMENT=6 ;

--
-- Dumping data for table `status`
--

INSERT INTO `status` (`id_status`, `nama_status`) VALUES
(1, 'Menunggu persetujuan nahkoda'),
(2, 'Disetujui Nahkoda, Terkirim ke VP Pengisian Bahan Bakar'),
(3, 'Permintaan disetujui VP Pengisian Bahan Bakar'),
(4, 'Permintaan ditolak VP Pengisian Bahan Bakar'),
(5, 'Tidak disetujui nahkoda');

-- --------------------------------------------------------

--
-- Table structure for table `surat_pengajuan`
--

CREATE TABLE IF NOT EXISTS `surat_pengajuan` (
  `id_surat` int(11) NOT NULL AUTO_INCREMENT,
  `id_abk` int(11) DEFAULT NULL,
  `tembusan` varchar(255) DEFAULT NULL,
  `nomor_surat` varchar(255) DEFAULT NULL,
  `tanggal_permintaan` date DEFAULT NULL,
  `zona_waktu` varchar(255) DEFAULT NULL,
  `voyage` int(11) DEFAULT NULL,
  `lintang_bujur` varchar(255) DEFAULT NULL,
  `perairan` varchar(255) DEFAULT NULL,
  `rpm` varchar(255) DEFAULT NULL,
  `kecepatan` varchar(255) DEFAULT NULL,
  `jenis` varchar(255) DEFAULT NULL,
  `persediaan_awal` varchar(255) DEFAULT NULL,
  `penggunaan` varchar(255) DEFAULT NULL,
  `permintaan` varchar(255) DEFAULT NULL,
  `tanggal_pengisian` varchar(255) DEFAULT NULL,
  `keterangan` text,
  `status` int(11) DEFAULT NULL,
  `id_kapal` int(11) NOT NULL,
  `pelabuhan_pengisian` varchar(255) DEFAULT NULL,
  `lokasi_kapal` varchar(255) DEFAULT NULL,
  PRIMARY KEY (`id_surat`),
  KEY `FK_surat_pengajuan_abk_id_abk` (`id_abk`),
  KEY `FK_surat_pengajuan_status_id_status` (`status`),
  KEY `FK_surat_pengajuan_voyage_id_voyage` (`voyage`)
) ENGINE=InnoDB  DEFAULT CHARSET=latin1 AUTO_INCREMENT=6 ;

--
-- Dumping data for table `surat_pengajuan`
--

INSERT INTO `surat_pengajuan` (`id_surat`, `id_abk`, `tembusan`, `nomor_surat`, `tanggal_permintaan`, `zona_waktu`, `voyage`, `lintang_bujur`, `perairan`, `rpm`, `kecepatan`, `jenis`, `persediaan_awal`, `penggunaan`, `permintaan`, `tanggal_pengisian`, `keterangan`, `status`, `id_kapal`, `pelabuhan_pengisian`, `lokasi_kapal`) VALUES
(4, 3, 'Direktur Armada', '00001/PNXL/2018', '2018-03-30', 'WIB', 12, '76767, 77887', 'Periran Jawa', '13', '57', 'solar', '76565', 'Persiapan perjalanan', '27 Ton', '2018-03-30', 'Untuk Segera dilakukan pengisian', 3, 1, 'Pelabuhan Tanjung Perak', 'Surabaya'),
(5, 3, 'Direktur Armada', '00005/PNXL/2018', '2018-03-28', 'WIB', 12, '122133, 43334', 'Jawa', '1212', '12', 'solar', '122 KL', 'Cadangan Bahan Bakar', ' 2000 KL', '2018-03-27', '', 2, 1, 'Tanjung Perak', 'Surabaya');

-- --------------------------------------------------------

--
-- Table structure for table `voyage`
--

CREATE TABLE IF NOT EXISTS `voyage` (
  `id_voyage` int(12) NOT NULL AUTO_INCREMENT,
  `nama_voyage` varchar(225) NOT NULL,
  PRIMARY KEY (`id_voyage`)
) ENGINE=InnoDB  DEFAULT CHARSET=latin1 AUTO_INCREMENT=13 ;

--
-- Dumping data for table `voyage`
--

INSERT INTO `voyage` (`id_voyage`, `nama_voyage`) VALUES
(12, 'Voyage 12');

--
-- Constraints for dumped tables
--

--
-- Constraints for table `abk`
--
ALTER TABLE `abk`
  ADD CONSTRAINT `FK_abk` FOREIGN KEY (`kode_jabatan`) REFERENCES `jabatan` (`kode_jabatan`) ON DELETE NO ACTION ON UPDATE NO ACTION,
  ADD CONSTRAINT `FK_abk_kapal_id_kapal` FOREIGN KEY (`id_kapal`) REFERENCES `kapal` (`id_kapal`) ON DELETE NO ACTION ON UPDATE NO ACTION;

--
-- Constraints for table `log_ruas`
--
ALTER TABLE `log_ruas`
  ADD CONSTRAINT `FK_log_ruas_pelabuhan_id_pelabuhan` FOREIGN KEY (`id_pelabuhan`) REFERENCES `pelabuhan` (`id_pelabuhan`) ON DELETE NO ACTION ON UPDATE NO ACTION,
  ADD CONSTRAINT `FK_log_ruas_ruas_id_ruas` FOREIGN KEY (`id_ruas`) REFERENCES `ruas` (`id_ruas`) ON DELETE NO ACTION ON UPDATE NO ACTION;

--
-- Constraints for table `perencanaan`
--
ALTER TABLE `perencanaan`
  ADD CONSTRAINT `FK_perencanaan_kapal_id_kapal` FOREIGN KEY (`id_kapal`) REFERENCES `kapal` (`id_kapal`) ON DELETE NO ACTION ON UPDATE NO ACTION,
  ADD CONSTRAINT `FK_perencanaan_voyage_id_voyage` FOREIGN KEY (`voyage`) REFERENCES `voyage` (`id_voyage`) ON DELETE NO ACTION ON UPDATE NO ACTION;

--
-- Constraints for table `perencanaan_ruas`
--
ALTER TABLE `perencanaan_ruas`
  ADD CONSTRAINT `FK_perencanaan_ruas_perencanaan_id_perencanaan` FOREIGN KEY (`id_perencanaan`) REFERENCES `perencanaan` (`id_perencanaan`) ON DELETE NO ACTION ON UPDATE NO ACTION,
  ADD CONSTRAINT `FK_perencanaan_ruas_ruas_id_ruas` FOREIGN KEY (`id_ruas`) REFERENCES `ruas` (`id_ruas`) ON DELETE NO ACTION ON UPDATE NO ACTION;

--
-- Constraints for table `persetujuan`
--
ALTER TABLE `persetujuan`
  ADD CONSTRAINT `FK_persetujuan_surat_pengajuan_id_surat` FOREIGN KEY (`id_pengajuan`) REFERENCES `surat_pengajuan` (`id_surat`) ON DELETE NO ACTION ON UPDATE NO ACTION;

--
-- Constraints for table `ruas`
--
ALTER TABLE `ruas`
  ADD CONSTRAINT `FK_ruas_voyage_id_voyage` FOREIGN KEY (`id_voyage`) REFERENCES `voyage` (`id_voyage`) ON DELETE NO ACTION ON UPDATE NO ACTION;

--
-- Constraints for table `surat_pengajuan`
--
ALTER TABLE `surat_pengajuan`
  ADD CONSTRAINT `FK_surat_pengajuan_abk_id_abk` FOREIGN KEY (`id_abk`) REFERENCES `abk` (`id_abk`) ON DELETE NO ACTION ON UPDATE NO ACTION,
  ADD CONSTRAINT `FK_surat_pengajuan_status_id_status` FOREIGN KEY (`status`) REFERENCES `status` (`id_status`) ON DELETE NO ACTION ON UPDATE NO ACTION,
  ADD CONSTRAINT `FK_surat_pengajuan_voyage_id_voyage` FOREIGN KEY (`voyage`) REFERENCES `voyage` (`id_voyage`) ON DELETE NO ACTION ON UPDATE NO ACTION;

/*!40101 SET CHARACTER_SET_CLIENT=@OLD_CHARACTER_SET_CLIENT */;
/*!40101 SET CHARACTER_SET_RESULTS=@OLD_CHARACTER_SET_RESULTS */;
/*!40101 SET COLLATION_CONNECTION=@OLD_COLLATION_CONNECTION */;
